"Schema","Status","Error"
"./OSD/V1.5/data/3DModelEventDescriptors.json","invalid","schema with key or id ""https://schemas.mpai.community/OSD/V1.5/data/3DModelEventDescriptors.json"" already exists"
"./OSD/V1.5/data/3DModelObject.json","invalid","schema with key or id ""https://schemas.mpai.community/OSD/V1.5/data/3DModelObject.json"" already exists"
"./OSD/V1.5/data/3DModelSceneDescriptors.json","invalid","schema with key or id ""https://schemas.mpai.community/OSD/V1.5/data/3DModelSceneDescriptors.json"" already exists"
"./OSD/V1.5/data/3DModelSceneGeometry.json","invalid","schema with key or id ""https://schemas.mpai.community/OSD/V1.5/data/3DModelSceneGeometry.json"" already exists"
"./OSD/V1.5/data/AcousticProfile.json","invalid","schema with key or id ""https://schemas.mpai.community/OSD/V1.5/data/AcousticProfile.json"" already exists"
"./OSD/V1.5/data/AffordanceTags.json","invalid","schema with key or id ""https://schemas.mpai.community/OSD/V1.5/data/AffordanceTags.json"" already exists"
"./OSD/V1.5/data/Annotation.json","invalid","schema with key or id ""https://schemas.mpai.community/OSD/V1.5/data/Annotation.json"" already exists"
"./OSD/V1.5/data/AudioEventDescriptors.json","invalid","schema with key or id ""https://schemas.mpai.community/OSD/V1.5/data/AudioEventDescriptors.json"" already exists"
"./OSD/V1.5/data/AudioMotionFlags.json","invalid","schema with key or id ""https://schemas.mpai.community/OSD/V1.5/types/AudioMotionFlags.json"" already exists"
"./OSD/V1.5/data/AudioObject.json","invalid","schema with key or id ""https://schemas.mpai.community/OSD/V1.5/data/AudioObject.json"" already exists"
"./OSD/V1.5/data/AudioProximityClass.json","invalid","schema with key or id ""https://schemas.mpai.community/OSD/V1.5/types/AudioProximityClass.json"" already exists"
"./OSD/V1.5/data/AudioSceneDescriptors.json","invalid","schema with key or id ""https://schemas.mpai.community/OSD/V1.5/data/AudioSceneDescriptors.json"" already exists"
"./OSD/V1.5/data/AudioSceneGeometry.json","invalid","schema with key or id ""https://schemas.mpai.community/OSD/V1.5/data/AudioSceneGeometry.json"" already exists"
"./OSD/V1.5/data/AudioSource.json","invalid","schema with key or id ""https://schemas.mpai.community/OSD/V1.5/data/AudioSource.json"" already exists"
"./OSD/V1.5/data/AudioVisualEventDescriptors.json","invalid","schema with key or id ""https://schemas.mpai.community/OSD/V1.5/data/AudioVisualEventDescriptors.json"" already exists"
"./OSD/V1.5/data/AudioVisualObject.json","invalid","schema with key or id ""https://schemas.mpai.community/OSD/V1.5/data/AudioVisualObject.json"" already exists"
"./OSD/V1.5/data/AudioVisualSceneDescriptors.json","invalid","schema with key or id ""https://schemas.mpai.community/OSD/V1.5/data/AudioVisualSceneDescriptors.json"" already exists"
"./OSD/V1.5/data/AudioVisualSceneGeometry.json","invalid","schema with key or id ""https://schemas.mpai.community/OSD/V1.5/data/AudioVisualSceneGeometry.json"" already exists"
"./OSD/V1.5/data/Basic3DModelObject.json","invalid","schema with key or id ""https://schemas.mpai.community/OSD/V1.5/data/Basic3DModelObject.json"" already exists"
"./OSD/V1.5/data/Basic3DModelSceneDescriptors.json","invalid","schema with key or id ""https://schemas.mpai.community/OSD/V1.5/data/Basic3DModelSceneDescriptors.json"" already exists"
"./OSD/V1.5/data/Basic3DModelSceneGeometry.json","invalid","schema with key or id ""https://schemas.mpai.community/OSD/V1.5/data/Basic3DModelSceneGeometry.json"" already exists"
"./OSD/V1.5/data/BasicAudioObject.json","invalid","schema with key or id ""https://schemas.mpai.community/OSD/V1.5/data/BasicAudioObject.json"" already exists"
"./OSD/V1.5/data/BasicAudioSceneDescriptors.json","invalid","schema with key or id ""https://schemas.mpai.community/OSD/V1.5/data/BasicAudioSceneDescriptors.json"" already exists"
"./OSD/V1.5/data/BasicAudioSceneGeometry.json","invalid","schema with key or id ""https://schemas.mpai.community/OSD/V1.5/data/BasicAudioSceneGeometry.json"" already exists"
"./OSD/V1.5/data/BasicAudioVisualObject.json","invalid","schema with key or id ""https://schemas.mpai.community/OSD/V1.5/data/BasicAudioVisualObject.json"" already exists"
"./OSD/V1.5/data/BasicAudioVisualSceneDescriptors.json","invalid","schema with key or id ""https://schemas.mpai.community/OSD/V1.5/data/BasicAudioVisualSceneDescriptors.json"" already exists"
"./OSD/V1.5/data/BasicAudioVisualSceneGeometry.json","invalid","schema with key or id ""https://schemas.mpai.community/OSD/V1.5/data/BasicAudioVisualSceneGeometry.json"" already exists"
"./OSD/V1.5/data/BasicEventDescriptors.json","invalid","schema with key or id ""https://schemas.mpai.community/OSD/V1.5/data/BasicEventDescriptors.json"" already exists"
"./OSD/V1.5/data/BasicLiDARObject.json","invalid","schema with key or id ""https://schemas.mpai.community/OSD/V1.5/data/BasicLiDARObject.json"" already exists"
"./OSD/V1.5/data/BasicLiDARSceneDescriptors.json","invalid","schema with key or id ""https://schemas.mpai.community/OSD/V1.5/data/BasicLiDARSceneDescriptors.json"" already exists"
"./OSD/V1.5/data/BasicLiDARSceneGeometry.json","invalid","schema with key or id ""https://schemas.mpai.community/OSD/V1.5/data/BasicLiDARSceneGeometry.json"" already exists"
"./OSD/V1.5/data/BasicLocationObject.json","invalid","schema with key or id ""https://schemas.mpai.community/OSD/V1.5/data/BasicLocationObject.json"" already exists"
"./OSD/V1.5/data/BasicObject.json","invalid","schema with key or id ""https://schemas.mpai.community/OSD/V1.5/data/BasicObject.json"" already exists"
"./OSD/V1.5/data/BasicOfflineMapObject.json","invalid","schema with key or id ""https://schemas.mpai.community/OSD/V1.5/data/BasicOfflineMapObject.json"" already exists"
"./OSD/V1.5/data/BasicOfflineMapSceneDescriptors.json","invalid","schema with key or id ""https://schemas.mpai.community/OSD/V1.5/data/BasicOfflineMapSceneDescriptors.json"" already exists"
"./OSD/V1.5/data/BasicOfflineMapSceneGeometry.json","invalid","schema with key or id ""https://schemas.mpai.community/OSD/V1.5/data/BasicOfflineMapSceneGeometry.json"" already exists"
"./OSD/V1.5/data/BasicPerceptibleEntity.json","invalid","schema with key or id ""https://schemas.mpai.community/OSD/V1.5/data/BasicPerceptibleEntity.json"" already exists"
"./OSD/V1.5/data/BasicRADARObject.json","invalid","schema with key or id ""https://schemas.mpai.community/OSD/V1.5/data/BasicRADARObject.json"" already exists"
"./OSD/V1.5/data/BasicRADARSceneDescriptors.json","invalid","schema with key or id ""https://schemas.mpai.community/OSD/V1.5/data/BasicRADARSceneDescriptors.json"" already exists"
"./OSD/V1.5/data/BasicRADARSceneGeometry.json","invalid","schema with key or id ""https://schemas.mpai.community/OSD/V1.5/data/BasicRADARSceneGeometry.json"" already exists"
"./OSD/V1.5/data/BasicSceneDescriptors.json","invalid","schema with key or id ""https://schemas.mpai.community/OSD/V1.5/data/BasicSceneDescriptors.json"" already exists"
"./OSD/V1.5/data/BasicSceneGeometry.json","invalid","schema with key or id ""https://schemas.mpai.community/OSD/V1.5/data/BasicSceneGeometry.json"" already exists"
"./OSD/V1.5/data/BasicSpeechObject.json","invalid","schema with key or id ""https://schemas.mpai.community/OSD/V1.5/data/BasicSpeechObject.json"" already exists"
"./OSD/V1.5/data/BasicSpeechSceneDescriptors.json","invalid","schema with key or id ""https://schemas.mpai.community/OSD/V1.5/data/BasicSpeechSceneDescriptors.json"" already exists"
"./OSD/V1.5/data/BasicSpeechSceneGeometry.json","invalid","schema with key or id ""https://schemas.mpai.community/OSD/V1.5/data/BasicSpeechSceneGeometry.json"" already exists"
"./OSD/V1.5/data/BasicTextObject.json","invalid","schema with key or id ""https://schemas.mpai.community/OSD/V1.5/data/BasicTextObject.json"" already exists"
"./OSD/V1.5/data/BasicUltrasoundObject.json","invalid","schema with key or id ""https://schemas.mpai.community/OSD/V1.5/data/BasicUltrasoundObject.json"" already exists"
"./OSD/V1.5/data/BasicUltrasoundSceneDescriptors.json","invalid","schema with key or id ""https://schemas.mpai.community/OSD/V1.5/data/BasicUltrasoundSceneDescriptors.json"" already exists"
"./OSD/V1.5/data/BasicUltrasoundSceneGeometry.json","invalid","schema with key or id ""https://schemas.mpai.community/OSD/V1.5/data/BasicUltrasoundSceneGeometry.json"" already exists"
"./OSD/V1.5/data/BasicVisualObject.json","invalid","schema with key or id ""https://schemas.mpai.community/OSD/V1.5/data/BasicVisualObject.json"" already exists"
"./OSD/V1.5/data/BasicVisualSceneDescriptors.json","invalid","schema with key or id ""https://schemas.mpai.community/OSD/V1.5/data/BasicVisualSceneDescriptors.json"" already exists"
"./OSD/V1.5/data/BasicVisualSceneGeometry.json","invalid","schema with key or id ""https://schemas.mpai.community/OSD/V1.5/data/BasicVisualSceneGeometry.json"" already exists"
"./OSD/V1.5/data/BoundingBox.json","invalid","schema with key or id ""https://schemas.mpai.community/OSD/V1.5/data/BoundingBox.json"" already exists"
"./OSD/V1.5/data/ColourObject.json","invalid","schema with key or id ""https://schemas.mpai.community/OSD/V1.5/data/ColourObject.json"" already exists"
"./OSD/V1.5/data/Coordinates.json","invalid","schema with key or id ""https://schemas.mpai.community/OSD/V1.5/data/Coordinates.json"" already exists"
"./OSD/V1.5/data/CoordinateTypes.json","invalid","schema with key or id ""https://schemas.mpai.community/OSD/V1.5/data/CoordinateTypes.json"" already exists"
"./OSD/V1.5/data/Depth.json","invalid","schema with key or id ""https://schemas.mpai.community/OSD/V1.5/data/Depth.json"" already exists"
"./OSD/V1.5/data/DeviceSceneGeometry.json","invalid","schema with key or id ""https://schemas.mpai.community/OSD/V1.5/data/DeviceSceneGeometry.json"" already exists"
"./OSD/V1.5/data/EnhancedVisualSceneDescriptors.json","invalid","schema with key or id ""https://schemas.mpai.community/OSD/V1.5/data/EnhancedVisualSceneDescriptors.json"" already exists"
"./OSD/V1.5/data/EventDescriptors.json","invalid","schema with key or id ""https://schemas.mpai.community/OSD/V1.5/data/EventDescriptors.json"" already exists"
"./OSD/V1.5/data/ExtendedVisualSceneDescriptors.json","invalid","schema with key or id ""https://schemas.mpai.community/OSD/V1.5/data/ExtendedVisualSceneDescriptors.json"" already exists"
"./OSD/V1.5/data/GeometricSolid.json","invalid","schema with key or id ""https://schemas.mpai.community/OSD/V1.5/data/GeometricSolid.json"" already exists"
"./OSD/V1.5/data/InstanceIdentifier.json","invalid","schema with key or id ""https://schemas.mpai.community/OSD/V1.5/data/InstanceIdentifier.json"" already exists"
"./OSD/V1.5/data/InteractionPotential.json","invalid","schema with key or id ""https://schemas.mpai.community/OSD/V1.5/data/InteractionPotential.json"" already exists"
"./OSD/V1.5/data/LiDAREventDescriptors.json","invalid","schema with key or id ""https://schemas.mpai.community/OSD/V1.5/data/LiDAREventDescriptors.json"" already exists"
"./OSD/V1.5/data/LiDARObject.json","invalid","schema with key or id ""https://schemas.mpai.community/OSD/V1.5/data/LiDARObject.json"" already exists"
"./OSD/V1.5/data/LiDARSceneDescriptors.json","invalid","schema with key or id ""https://schemas.mpai.community/OSD/V1.5/data/LiDARSceneDescriptors.json"" already exists"
"./OSD/V1.5/data/LiDARSceneGeometry.json","invalid","schema with key or id ""https://schemas.mpai.community/OSD/V1.5/data/LiDARSceneGeometry.json"" already exists"
"./OSD/V1.5/data/LightSource.json","invalid","schema with key or id ""https://schemas.mpai.community/OSD/V1.5/data/LightSource.json"" already exists"
"./OSD/V1.5/data/LocationObject.json","invalid","schema with key or id ""https://schemas.mpai.community/OSD/V1.5/data/LocationObject.json"" already exists"
"./OSD/V1.5/data/Object.json","invalid","schema with key or id ""https://schemas.mpai.community/OSD/V1.5/data/Object.json"" already exists"
"./OSD/V1.5/data/ObjectAffordance.json","invalid","schema with key or id ""https://schemas.mpai.community/OSD/V1.5/data/ObjectAffordance.json"" already exists"
"./OSD/V1.5/data/OcclusionFlag.json","invalid","schema with key or id ""https://schemas.mpai.community/OSD/V1.5/data/OcclusionFlag.json"" already exists"
"./OSD/V1.5/data/OfflineMapEventDescriptors.json","invalid","schema with key or id ""https://schemas.mpai.community/OSD/V1.5/data/OfflineMapEventDescriptors.json"" already exists"
"./OSD/V1.5/data/OfflineMapObject.json","invalid","schema with key or id ""https://schemas.mpai.community/OSD/V1.5/data/OfflineMapObject.json"" already exists"
"./OSD/V1.5/data/OfflineMapSceneDescriptors.json","invalid","schema with key or id ""https://schemas.mpai.community/OSD/V1.5/data/OfflineMapSceneDescriptors.json"" already exists"
"./OSD/V1.5/data/OfflineMapSceneGeometry.json","invalid","schema with key or id ""https://schemas.mpai.community/OSD/V1.5/data/OfflineMapSceneGeometry.json"" already exists"
"./OSD/V1.5/data/Orientation.json","invalid","schema with key or id ""https://schemas.mpai.community/OSD/V1.5/types/Orientation.json"" already exists"
"./OSD/V1.5/data/Path.json","invalid","schema with key or id ""https://schemas.mpai.community/OSD/V1.5/data/Path.json"" already exists"
"./OSD/V1.5/data/PerceptibleEntity.json","invalid","schema with key or id ""https://schemas.mpai.community/OSD/V1.5/data/PerceptibleEntity.json"" already exists"
"./OSD/V1.5/data/Plot.json","invalid","schema with key or id ""https://schemas.mpai.community/OSD/V1.5/data/Plot.json"" already exists"
"./OSD/V1.5/data/Point.json","invalid","schema with key or id ""https://schemas.mpai.community/OSD/V1.5/data/Point.json"" already exists"
"./OSD/V1.5/data/PointOfView.json","invalid","schema with key or id ""https://schemas.mpai.community/OSD/V1.5/data/PointOfView.json"" already exists"
"./OSD/V1.5/data/PoseMatrix.json","invalid","schema with key or id ""https://schemas.mpai.community/MMC/V2.5/data/PoseMatrix.json"" already exists"
"./OSD/V1.5/data/Position.json","invalid","schema with key or id ""https://schemas.mpai.community/OSD/V1.5/types/Position.json"" already exists"
"./OSD/V1.5/data/RADAREventDescriptors.json","invalid","schema with key or id ""https://schemas.mpai.community/OSD/V1.5/data/RADARaEventDescriptors.json"" already exists"
"./OSD/V1.5/data/RADARObject.json","invalid","schema with key or id ""https://schemas.mpai.community/OSD/V1.5/data/RADARObject.json"" already exists"
"./OSD/V1.5/data/RADARSceneDescriptors.json","invalid","schema with key or id ""https://schemas.mpai.community/OSD/V1.5/data/RADARSceneDescriptors.json"" already exists"
"./OSD/V1.5/data/RADARSceneGeometry.json","invalid","schema with key or id ""https://schemas.mpai.community/OSD/V1.5/data/RADARSceneGeometry.json"" already exists"
"./OSD/V1.5/data/RangeConstraint.json","invalid","schema with key or id ""https://schemas.mpai.community/OSD/V1.5/data/RangeConstraint.json"" already exists"
"./OSD/V1.5/data/RightParallelepiped.json","invalid","schema with key or id ""https://schemas.mpai.community/OSD/V1.5/data/RightParallelepiped.json"" already exists"
"./OSD/V1.5/data/RRULE.json","invalid","schema with key or id ""https://schemas.mpai.community/OSD/V1.5/data/RRULE.json"" already exists"
"./OSD/V1.5/data/SalienceScore.json","invalid","schema with key or id ""https://schemas.mpai.community/OSD/V1.5/data/SalienceScore.json"" already exists"
"./OSD/V1.5/data/SceneDescriptors.json","invalid","schema with key or id ""https://schemas.mpai.community/OSD/V1.5/data/SceneDescriptors.json"" already exists"
"./OSD/V1.5/data/SceneGeometry.json","invalid","schema with key or id ""https://schemas.mpai.community/OSD/V1.5/data/SceneGeometry.json"" already exists"
"./OSD/V1.5/data/Selector.json","invalid","schema with key or id ""https://schemas.mpai.community/OSD/V1.5/data/Selector.json"" already exists"
"./OSD/V1.5/data/SimpleLocation.json","invalid","schema with key or id ""https://schemas.mpai.community/OSD/V1.5/data/SimpleLocation.json"" already exists"
"./OSD/V1.5/data/SimpleTime.json","invalid","schema with key or id ""https://schemas.mpai.community/OSD/V1.5/data/SimpleTime.json"" already exists"
"./OSD/V1.5/data/SpaceTime.json","invalid","schema with key or id ""https://schemas.mpai.community/OSD/V1.5/data/SpaceTime.json"" already exists"
"./OSD/V1.5/data/SpatialAnchor.json","invalid","schema with key or id ""https://schemas.mpai.community/OSD/V1.5/data/SpatialAnchor.json"" already exists"
"./OSD/V1.5/data/SpatialAttitude.json","invalid","schema with key or id ""https://schemas.mpai.community/OSD/V1.5/data/SpatialAttitude.json"" already exists"
"./OSD/V1.5/data/SpatialCue.json","invalid","schema with key or id ""https://schemas.mpai.community/OSD/V1.5/data/SpatialCue.json"" already exists"
"./OSD/V1.5/data/SpeechEventDescriptors.json","invalid","schema with key or id ""https://schemas.mpai.community/OSD/V1.5/data/SpeechaEventDescriptors.json"" already exists"
"./OSD/V1.5/data/SpeechObject.json","invalid","schema with key or id ""https://schemas.mpai.community/OSD/V1.5/data/SpeechObject.json"" already exists"
"./OSD/V1.5/data/SpeechSceneDescriptors.json","invalid","schema with key or id ""https://schemas.mpai.community/OSD/V1.5/data/SpeechSceneDescriptors.json"" already exists"
"./OSD/V1.5/data/SpeechSceneGeometry.json","invalid","schema with key or id ""https://schemas.mpai.community/OSD/V1.5/data/SpeechSceneGeometry.json"" already exists"
"./OSD/V1.5/data/TemporalCue.json","invalid","schema with key or id ""https://schemas.mpai.community/OSD/V1.5/data/TemporalCue.json"" already exists"
"./OSD/V1.5/data/TextObject.json","invalid","schema with key or id ""https://schemas.mpai.community/OSD/V1.5/data/TextObject.json"" already exists"
"./OSD/V1.5/data/TextureMap.json","invalid","schema with key or id ""https://schemas.mpai.community/OSD/V1.5/data/TextureMap.json"" already exists"
"./OSD/V1.5/data/Time.json","invalid","schema with key or id ""https://schemas.mpai.community/OSD/V1.5/data/Time.json"" already exists"
"./OSD/V1.5/data/TimeExpression.json","invalid","schema with key or id ""https://schemas.mpai.community/OSD/V1.5/data/TimeExpression.json"" already exists"
"./OSD/V1.5/data/Trajectory.json","invalid","schema with key or id ""https://schemas.mpai.community/OSD/V1.5/data/Trajectory.json"" already exists"
"./OSD/V1.5/data/UltrasoundEventDescriptors.json","invalid","schema with key or id ""https://schemas.mpai.community/OSD/V1.5/data/UltrasoundaEventDescriptors.json"" already exists"
"./OSD/V1.5/data/UltrasoundObject.json","invalid","schema with key or id ""https://schemas.mpai.community/OSD/V1.5/data/UltrasoundObject.json"" already exists"
"./OSD/V1.5/data/UltrasoundSceneDescriptors.json","invalid","schema with key or id ""https://schemas.mpai.community/OSD/V1.5/data/UltrasoundSceneDescriptors.json"" already exists"
"./OSD/V1.5/data/UltrasoundSceneGeometry.json","invalid","schema with key or id ""https://schemas.mpai.community/OSD/V1.5/data/UltrasoundSceneGeometry.json"" already exists"
"./OSD/V1.5/data/VisualEventDescriptors.json","invalid","schema with key or id ""https://schemas.mpai.community/OSD/V1.5/data/VisualaEventDescriptors.json"" already exists"
"./OSD/V1.5/data/VisualObject.json","invalid","schema with key or id ""https://schemas.mpai.community/OSD/V1.5/data/VisualObject.json"" already exists"
"./OSD/V1.5/data/VisualSceneDescriptors.json","invalid","schema with key or id ""https://schemas.mpai.community/OSD/V1.5/data/VisualSceneDescriptors.json"" already exists"
"./OSD/V1.5/data/VisualSceneGeometry.json","invalid","schema with key or id ""https://schemas.mpai.community/OSD/V1.5/data/VisualSceneGeometry.json"" already exists"
